Name,StudyHours,Motivation,Attendance,StressLevel,PartTimeJob,IQ,ParentalEducation,SocialLife,CampusInvolvement,Internships,SleepQuality
Brian S,2.737158201,1.314698785,0,5.522935284,8.00989925,2.739021008,1,-1.870630804,4.403118391,2,0.774762085
Sophia K,2.478828184,0.558455221,0,5.66665771,9.043027868,2.530310725,1,0.651855527,3.590034161,2,1.800210013
Ishmal M,2.392485692,2.461652613,0,7.844386481,12.22718547,3.945487362,1,-0.107421419,2.917619388,1,2.825986709
Jayden J,1.83440435,2.06199728,0,3.507739086,9.994540564,3.052339019,3,1.016282758,4.147721227,1,2.196567826
Kiera H,2.892993075,2.13879769,1,5.283145744,9.960698043,4.168390487,3,-0.128145113,3.412323997,0,2.656232962
Ben J,2.054666054,-0.567493151,0,4.992105559,12.00390422,2.297646018,2,-1.576534718,5.388970308,1,1.972823299
Owen Q,2.467568452,0.496170696,1,5.735875002,9.960496891,2.759566943,3,-1.056917344,5.559701757,1,1.262305453